[{"elements":[{"options":[],"codename":"title","name":"Title","type":"text"},{"options":[],"codename":"release_date","name":"Release Date","type":"date_time"},{"options":[{"name":"TV-G","codename":"tv_g"},{"name":"TV-Y7","codename":"tv_y7"},{"name":"TV-PG","codename":"pg"},{"name":"TV-14","codename":"tv_14"},{"name":"TV-MA","codename":"ma"},{"name":"G","codename":"g"},{"name":"PG","codename":"pg_ac087e2"},{"name":"PG-13","codename":"pg_13"},{"name":"NC-17","codename":"n_17"},{"name":"R","codename":"r"},{"name":"NR","codename":"nr"}],"codename":"rating","name":"Rating","type":"multiple_choice"},{"options":[],"codename":"description","name":"Description","type":"rich_text"},{"options":[],"codename":"listed_in","taxonomyGroup":"listed_in","name":"Listed in","type":"taxonomy"}],"system":{"codename":"movie","id":"048e0a7b-4d28-484e-9d8c-67a571d460d7","name":"Movie"}}]