[{"itemCodename":"candyman__2020_film_","itemId":"93993a91-13ad-4fb9-8ada-230ff2ffbf4b","languageCodename":"default","elements":[{"value":"Candyman (2020 film)","elementCodename":"title","elementModel":{"codename":"title","type":"text","name":"Title","options":[]}},{"value":"2020-06-12T00:00:00Z","elementCodename":"release_date","elementModel":{"codename":"release_date","type":"date_time","name":"Release Date","options":[]}},{"value":[{"name":"R","codename":"r"}],"elementCodename":"rating","elementModel":{"codename":"rating","type":"multiple_choice","name":"Rating","options":[]}},{"value":"<p>For as long as the residents can remember, the housing projects of Chicago's Cabrini Green neighborhood were terrorized by a word-of-mouth ghost story about a supernatural killer with a hook for a hand that was easily summoned by those that are daring to repeat his name five times into a mirror.</p>","elementCodename":"description","elementModel":{"codename":"description","type":"rich_text","name":"Description","options":[]}},{"value":[],"elementCodename":"listed_in","elementModel":{"codename":"listed_in","type":"taxonomy","name":"Listed in","options":[],"taxonomyGroup":"listed_in"}}]},{"itemCodename":"onward__2020_","itemId":"83f5901a-b2e1-4450-bef5-7325e690479b","languageCodename":"default","elements":[{"value":"Onward (2020)","elementCodename":"title","elementModel":{"codename":"title","type":"text","name":"Title","options":[]}},{"value":"2020-03-06T00:00:00Z","elementCodename":"release_date","elementModel":{"codename":"release_date","type":"date_time","name":"Release Date","options":[]}},{"value":[{"name":"TV-PG","codename":"pg"}],"elementCodename":"rating","elementModel":{"codename":"rating","type":"multiple_choice","name":"Rating","options":[]}},{"value":"<p>Set in a suburban fantasy world, two teenage elf brothers, Ian and Barley Lightfoot, go on an journey to discover if there is still a little magic left out there in order to spend one last day with their father, who died when they were too young to remember him.</p>","elementCodename":"description","elementModel":{"codename":"description","type":"rich_text","name":"Description","options":[]}},{"value":[{"name":"Children & Family Movies","codename":"children___family_movies"}],"elementCodename":"listed_in","elementModel":{"codename":"listed_in","type":"taxonomy","name":"Listed in","options":[],"taxonomyGroup":"listed_in"}}]},{"itemCodename":"toy_story_50","itemId":"cbaa1382-8e57-43f7-9dc0-d25b1a960f85","languageCodename":"default","elements":[{"value":"Toy story 50","elementCodename":"title","elementModel":{"codename":"title","type":"text","name":"Title","options":[]}},{"value":"2022-02-17T00:00:00Z","elementCodename":"release_date","elementModel":{"codename":"release_date","type":"date_time","name":"Release Date","options":[]}},{"value":[{"name":"TV-PG","codename":"pg"}],"elementCodename":"rating","elementModel":{"codename":"rating","type":"multiple_choice","name":"Rating","options":[]}},{"value":"<p>A cowboy doll is profoundly threatened and jealous when a new spaceman figure supplants him as top toy in a boy's room.</p>","elementCodename":"description","elementModel":{"codename":"description","type":"rich_text","name":"Description","options":[]}},{"value":[],"elementCodename":"listed_in","elementModel":{"codename":"listed_in","type":"taxonomy","name":"Listed in","options":[],"taxonomyGroup":"listed_in"}}]}]