[{"system":{"name":"Listed in","codename":"listed_in","id":"0e68937d-3c4a-4e12-b186-d6360b167d98","lastModified":"2020-04-14T16:50:55.6060256Z"},"terms":[{"codename":"anime_features","name":"Anime Features","terms":[]},{"codename":"action___adventure","name":"Action & Adventure","terms":[]},{"codename":"children___family_movies","name":"Children & Family Movies","terms":[]},{"codename":"classic_movies","name":"Classic Movies","terms":[]},{"codename":"cult_movies","name":"Cult Movies","terms":[]},{"codename":"comedies","name":"Comedies","terms":[]},{"codename":"dramas","name":"Dramas","terms":[]},{"codename":"documentaries","name":"Documentaries","terms":[]},{"codename":"horror_movies","name":"Horror Movies","terms":[]},{"codename":"independent_movies","name":"Independent Movies","terms":[]},{"codename":"international_movies","name":"International Movies","terms":[]},{"codename":"stand_up_comedy","name":"Stand-up Comedy","terms":[]},{"codename":"thrillers","name":"Thrillers","terms":[]}]}]