[{"system":{"name":"Listed in","codename":"listed_in","id":"0e68937d-3c4a-4e12-b186-d6360b167d98","lastModified":"2020-04-16T19:03:39.5442793Z"},"terms":[{"codename":"action___adventure","name":"Action & Adventure","terms":[]},{"codename":"anime_features","name":"Anime Features","terms":[]},{"codename":"children___family_movies","name":"Children & Family Movies","terms":[]},{"codename":"classic_movies","name":"Classic Movies","terms":[]},{"codename":"comedies","name":"Comedies","terms":[]},{"codename":"cult_movies","name":"Cult Movies","terms":[]},{"codename":"documentaries","name":"Documentaries","terms":[]},{"codename":"dramas","name":"Dramas","terms":[]},{"codename":"horror_movies","name":"Horror Movies","terms":[]},{"codename":"independent_movies","name":"Independent Movies","terms":[]},{"codename":"international_movies","name":"International Movies","terms":[]},{"codename":"music___musicals","name":"Music & Musicals","terms":[]},{"codename":"romantic_movies","name":"Romantic Movies","terms":[]},{"codename":"sci_fi___fantasy","name":"Sci-Fi & Fantasy","terms":[]},{"codename":"sports_movies","name":"Sports Movies","terms":[]},{"codename":"stand_up_comedy","name":"Stand-up Comedy","terms":[]},{"codename":"thrillers","name":"Thrillers","terms":[]}]}]